Course,PrerequisiteNumber,0,1,2,3,4,5,6,7,8,9
AAS 287,2,AAS 100,AAS 120
ABE 228,3,MATH 221,MATH 234,MATH 220
ABE 341,2,ABE 228,ABE 227
ABE 361,1,TAM 212
ABE 425,1,ECE 205
ABE 454,2,TAM 335,NRES 201
ACCY 201,2,ECON 102,ECON 103
ACCY 202,1,ACCY 201
ACCY 290,2,ACCY 201,ACCY 202
ACCY 301,2,ACCY 302,ACCY 202
ACCY 302,3,ACCY 301,BADM 210,ACCY 202
ACCY 303,2,ACCY 301,FIN 221
ACCY 304,2,ACCY 301,ACCY 302
ACCY 312,1,ACCY 202
ACCY 321,1,PS 101
ACCY 405,1,ACCY 304
ACCY 410,1,ACCY 303
ACCY 419,2,ACCY 301,ACCY 501
ACCY 449,2,ACCY 312,ACCY 505
ACCY 451,1,ACCY 312
ACCY 502,1,ACCY 501
ACCY 503,1,ACCY 501
ACCY 506,2,ACCY 501,ACCY 502
ACCY 507,1,ACCY 505
ACCY 510,1,ACCY 410
ACCY 515,1,ACCY 405
ACCY 517,3,ACCY 502,ACCY 500,ACCY 410
ACCY 519,1,ACCY 501
ACCY 550,2,ACCY 312,ACCY 505
ACCY 551,2,ACCY 312,ACCY 505
ACCY 552,2,ACCY 312,ACCY 505
ACCY 554,3,ACCY 507,ACCY 505,ACCY 551
ACCY 575,1,ACCY 570
ACCY 577,1,ACCY 576
ACCY 578,1,ACCY 576
ACCY 594,1,ACCY 592
ACCY 595,1,PSYC 407
ACE 241,1,ACE 240
ACE 251,2,ECON 102,ACE 100
ACE 264,1,ACE 262
ACE 270,2,ECON 102,ACE 100
ACE 300,5,MATH 234,MATH 221,ECON 102,ACE 100,MATH 220
ACE 310,2,ECON 102,ACE 100
ACE 321,1,PS 101
ACE 344,2,FIN 232,ACE 240
ACE 345,1,ACCY 201
ACE 349,2,FIN 232,ACE 240
ACE 360,2,CS 105,ACE 161
ACE 407,1,ACE 161
ACE 410,1,ACE 300
ACE 427,3,ECON 102,ACE 100,ACE 262
ACE 428,2,ACE 222,FIN 300
ACE 430,2,ECON 102,ACE 100
ACE 440,4,ACE 444,ACE 345,ACE 449,ACE 346
ACE 441,7,ACE 444,FIN 230,ACE 240,FIN 441,FIN 232,ACE 349,ACE 449
ACE 444,2,FIN 221,ACE 345
ACE 446,5,ACE 360,ACE 240,ACE 345,FIN 232,FIN 221
ACE 449,2,ACE 240,ACE 345
ACE 451,2,ECON 302,ACE 300
ACE 456,2,ECON 302,ACE 300
ACE 474,3,ECON 302,ACE 270,ACE 300
ACE 476,2,ECON 302,ACE 300
ACE 503,1,ECON 500
ACE 505,1,ECON 502
ACE 510,1,ECON 302
ACE 530,2,ECON 507,ECON 506
ACE 531,2,ACE 500,ECON 500
ACE 563,4,MATH 221,MATH 234,MATH 124,MATH 220
ACE 571,1,ECON 500
ADV 222,1,ADV 150
ADV 281,2,STAT 100,ADV 200
ADV 333,2,ADV 250,ADV 284
ADV 350,1,ADV 310
ADV 360,3,ADV 283,ADV 250,ADV 284
ADV 396,2,ADV 150,ADV 281
ADV 410,1,ADV 310
ADV 454,1,ADV 452
ADV 461,1,ADV 284
ADV 483,3,ADV 283,ADV 250,ADV 284
ADV 492,1,CS 225
ADV 497,1,ADV 281
ADV 498,5,ADV 250,ADV 360,ADV 460,ADV 283,ADV 390
ADV 588,1,ADV 587
ADV 598,1,ADV 588
AE 202,1,TAM 212
AE 311,2,AE 202,MATH 241
AE 312,2,AE 202,MATH 285
AE 321,3,TAM 211,MATH 285,TAM 210
AE 323,5,MATH 285,AE 321,TAM 210,TAM 211,MATH 241
AE 352,8,MATH 285,MATH 284,MATH 225,MATH 441,TAM 212,MATH 257,MATH 286,MATH 415
AE 353,5,MATH 285,MATH 225,TAM 212,MATH 257,MATH 415
AE 370,4,AE 312,AE 311,AE 323,AE 321
AE 403,2,AE 353,AE 352
AE 410,2,AE 312,AE 311
AE 419,2,AE 202,AE 353
AE 420,3,ME 371,CS 101,TAM 470
AE 434,1,AE 312
AE 435,4,AE 312,ECE 205,ME 410,PHYS 212
AE 442,3,AE 323,AE 311,AE 352
AE 443,1,AE 442
AE 461,2,AE 352,AE 321
AE 462,4,AE 410,AE 312,AE 311,AE 370
AE 482,3,MATH 257,MATH 418,MATH 225
AE 484,2,AE 202,AE 311
AE 502,1,AE 402
AE 510,1,ME 410
AE 515,1,AE 416
AE 522,2,TAM 551,TAM 451
AE 526,1,TAM 428
AE 538,2,AE 311,ME 410
AE 543,1,AE 542
AE 554,4,TAM 412,AE 352,TAM 416,ME 340
AFAS 112,1,AFAS 111
AFAS 222,1,AFAS 221
AFAS 332,1,AFAS 331
AFAS 342,1,AFAS 341
AFRO 224,1,AFRO 100
AFRO 298,2,AFRO 100,AFRO 101
AFRO 415,1,AFRO 103
AFRO 495,3,AFRO 490,AFRO 100,AFRO 220
AFRO 597,1,AFRO 500
AFRO 598,1,AFRO 500
AFST 232,1,SWAH 201
AFST 242,1,WLOF 201
AFST 420,1,AFRO 103
AFST 434,1,SWAH 403
AFST 436,1,SWAH 405
AFST 443,1,WLOF 202
AGED 250,2,EDPR 203,AGED 220
AGED 410,1,EDPR 203
AGED 420,1,AGED 220
AGED 450,1,AGED 420
AIS 503,2,AIS 502,AIS 501
ALEC 393,1,ALEC 110
ANSC 103,1,ANSC 100
ANSC 201,1,ANSC 100
ANSC 223,2,ANSC 100,ANSC 221
ANSC 224,2,ANSC 100,ANSC 221
ANSC 301,2,ANSC 223,ANSC 224
ANSC 306,2,ANSC 222,ANSC 224
ANSC 363,1,ANSC 100
ANSC 402,1,ANSC 223
ANSC 407,2,ANSC 307,ANSC 207
ANSC 409,3,IB 100,CHEM 102,ANSC 221
ANSC 438,1,ANSC 224
ANSC 440,1,MATH 112
ANSC 446,5,MATH 234,ANSC 221,MATH 221,IB 204,MATH 220
ANSC 464,2,ANSC 222,ANSC 221
ANSC 470,1,ANSC 250
ANSC 480,1,MATH 112
ANSC 498,1,ANSC 298
ANSC 520,2,ANSC 222,MCB 450
ANSC 521,5,MCB 246,MCB 244,MCB 450,FSHN 426,ANSC 520
ANSC 526,1,ANSC 422
ANSC 543,3,STAT 410,MATH 461,STAT 420
ANSC 580,2,ANSC 480,ANSC 360
ANTH 243,2,ANTH 102,ANTH 143
ANTH 247,1,ANTH 246
ANTH 347,2,ANTH 102,ANTH 240
ANTH 352,2,ANTH 104,ANTH 270
ANTH 372,2,ANTH 104,ANTH 270
ANTH 379,1,ANTH 230
ANTH 432,2,IB 204,IB 150
ANTH 436,1,IB 150
ANTH 444,1,ANTH 240
ANTH 445,1,ANTH 240
ANTH 447,1,ANTH 347
ANTH 448,1,ANTH 220
ANTH 450,1,ANTH 220
ANTH 451,1,ANTH 220
ANTH 455,1,ANTH 102
ANTH 461,1,ANTH 220
ANTH 467,1,ANTH 230
ANTH 468,3,ANTH 243,ANTH 443,ANTH 240
ANTH 496,1,ANTH 230
ANTH 497,1,ANTH 230
ARAB 202,1,ARAB 201
ARAB 404,1,ARAB 403
ARAB 406,1,ARAB 405
ARAB 408,1,ARAB 407
ARCH 172,1,ARCH 171
ARCH 232,4,MATH 221,PHYS 101,MATH 231,MATH 220
ARCH 274,1,ARCH 273
ARCH 372,1,ARCH 371
ARCH 403,1,ARCH 210
ARCH 409,1,ARCH 210
ARCH 415,2,ARCH 210,ARTH 112
ARCH 416,2,ARCH 210,ARTH 112
ARCH 435,3,ARCH 231,ARCH 433,ARCH 232
ARCH 472,2,ARCH 471,ARCH 233
ARCH 474,1,ARCH 473
ARCH 537,1,ARCH 434
ARCH 538,2,ARCH 536,ARCH 537
ARCH 553,3,ARCH 550,ARCH 560,ARCH 551
ARCH 554,1,ARCH 560
ARCH 560,1,ARCH 551
ARCH 574,1,ARCH 536
ARCH 575,2,ARCH 536,ARCH 537
ARTD 302,1,ARTD 301
ARTD 333,1,ARTD 222
ARTD 402,1,ARTD 401
ARTD 418,1,ARTD 318
ARTD 444,1,ARTD 333
ARTD 471,1,ARTD 371
ARTD 503,1,ARTD 502
ARTE 301,1,ARTE 202
ARTE 401,3,EDPR 438,ARTE 400,EDPR 442
ARTH 438,2,ARCH 210,ARTH 112
ARTS 250,3,ARTF 106,ARTF 104,ARTF 102
ARTS 265,1,ARTS 264
ARTS 351,1,ARTS 252
ARTS 354,1,ARTS 251
ARTS 355,1,ARTS 245
ARTS 381,1,ARTS 280
ARTS 405,1,ARTS 205
ARTS 444,1,ARTS 244
ARTS 461,1,ARTS 364
ARTS 465,1,ARTS 355
ASRM 210,1,MATH 231
ASRM 401,1,MATH 241
ASRM 406,4,ASRM 210,FIN 221,MATH 241,MATH 210
ASRM 409,3,ASRM 401,MATH 408,MATH 461
ASRM 410,2,STAT 410,ASRM 402
ASRM 441,2,ASRM 401,STAT 400
ASRM 442,4,ASRM 401,ASRM 450,ASRM 441,STAT 400
ASRM 450,3,STAT 408,MATH 231,STAT 400
ASRM 451,3,STAT 425,STAT 400,STAT 420
ASRM 453,1,STAT 410
ASRM 454,2,ASRM 450,ASRM 441
ASRM 455,3,ASRM 401,STAT 361,STAT 200
ASRM 461,9,ASRM 401,MATH 461,STAT 400,MATH 463,ASRM 402,STAT 408,MATH 464,STAT 409,STAT 410
ASRM 469,4,ASRM 402,ASRM 210,MATH 409,MATH 210
ASRM 471,4,ASRM 401,ASRM 210,MATH 408,MATH 210
ASRM 472,2,ASRM 471,MATH 471
ASRM 510,3,MATH 464,MATH 409,ASRM 402
ASRM 551,2,STAT 410,STAT 425
ASRM 555,1,ASRM 455
ASRM 575,2,ASRM 471,MATH 471
ASTR 210,1,PHYS 211
ASTR 310,3,PHYS 211,ASTR 210,MATH 220
ASTR 350,4,ASTR 121,ASTR 122,ASTR 210,ASTR 100
ASTR 401,4,ASTR 405,ASTR 406,ASTR 414,ASTR 404
ASTR 405,3,ASTR 210,PHYS 212,ASTR 310
ASTR 406,3,ASTR 210,PHYS 212,ASTR 310
ASTR 414,3,ASTR 210,PHYS 212,ASTR 310
ASTR 507,1,ASTR 406
ASTR 516,1,PHYS 515
ATMS 202,2,MATH 221,MATH 220
ATMS 207,1,STAT 107
ATMS 301,3,PHYS 211,MATH 241,ATMS 201
ATMS 304,2,MATH 241,PHYS 212
ATMS 306,1,ATMS 301
ATMS 307,1,ATMS 201
ATMS 313,1,ATMS 303
ATMS 314,3,ATMS 303,ATMS 302,ATMS 301
ATMS 402,3,ATMS 305,ATMS 302,ATMS 301
ATMS 502,1,MATH 285
BADM 211,2,CS 105,BADM 210
BADM 303,1,PS 101
BADM 311,1,BADM 310
BADM 312,1,BADM 310
BADM 313,1,BADM 310
BADM 322,1,BADM 320
BADM 323,1,BADM 320
BADM 324,1,BADM 320
BADM 325,1,BADM 320
BADM 326,1,BADM 320
BADM 329,1,BADM 320
BADM 330,1,BADM 320
BADM 336,1,BADM 335
BADM 358,1,BADM 352
BADM 362,1,BADM 211
BADM 364,1,BADM 320
BADM 371,1,BADM 353
BADM 373,1,BADM 211
BADM 374,2,ECON 203,BADM 210
BADM 382,1,BADM 320
BADM 383,1,BADM 380
BADM 420,1,BADM 320
BADM 446,1,BADM 346
BADM 461,3,BADM 367,BADM 460,BADM 366
BADM 544,4,BADM 509,FIN 520,BADM 520,BADM 567
BASQ 402,1,BASQ 401
BCS 202,1,BCS 201
BIOC 406,1,MCB 354
BIOC 446,1,CHEM 440
BIOC 455,5,CHEM 236,MCB 450,MCB 354,CHEM 232,MCB 251
BIOC 492,2,MCB 354,BIOC 455
BIOE 200,1,BIOE 120
BIOE 202,2,BIOE 206,MCB 150
BIOE 205,4,MATH 285,CS 124,CS 101,PHYS 212
BIOE 210,3,CS 124,MATH 231,CS 101
BIOE 303,1,BIOE 302
BIOE 310,2,MATH 257,BIOE 210
BIOE 360,2,MATH 285,BIOE 201
BIOE 400,4,BIOE 415,BIOE 303,BIOE 414,BIOE 302
BIOE 414,3,ECE 210,ECE 205,BIOE 205
BIOE 415,1,BIOE 414
BIOE 416,1,ECE 329
BIOE 432,1,MATH 285
BIOE 467,3,PHYS 402,ECE 460,ECE 455
BIOE 479,2,CHEM 232,BIOE 206
BIOE 480,1,ECE 310
BIOE 481,2,TAM 212,TAM 251
BIOE 484,1,BIOE 485
BIOE 486,10,BIOE 483,BIOE 485,BIOE 198,ECE 310,STAT 410,MATH 241,BIOE 310,CS 101,BIOE 210,MATH 415
BIOE 487,1,BIOE 476
BIOE 572,1,BIOE 571
BIOE 580,2,BIOE 485,BIOE 483
BIOP 432,4,IB 420,MCB 450,MCB 354,BIOP 401
BUS 201,1,BUS 101
BUS 301,1,BUS 201
BUS 302,1,BUS 101
BUS 401,1,BUS 301
CDB 595,1,MCB 400
CEE 201,5,CS 101,MATH 257,MATH 231,CS 124,MATH 415
CEE 202,3,CS 124,MATH 241,CS 101
CEE 300,2,CHEM 104,TAM 251
CEE 310,2,CEE 202,TAM 251
CEE 320,3,CS 101,CEE 202,CEE 201
CEE 330,2,CHEM 104,CHEM 204
CEE 350,2,CEE 202,CEE 201
CEE 360,1,TAM 251
CEE 380,1,TAM 251
CEE 410,1,CEE 310
CEE 411,1,CEE 310
CEE 415,1,CEE 310
CEE 418,1,CEE 310
CEE 419,1,CEE 310
CEE 420,1,CEE 320
CEE 421,1,CEE 320
CEE 437,3,TAM 335,CEE 331,CEE 330
CEE 438,3,IE 300,CEE 202,STAT 400
CEE 440,1,CEE 330
CEE 449,1,CEE 330
CEE 452,2,TAM 335,CEE 331
CEE 453,1,CEE 350
CEE 460,1,CEE 360
CEE 461,1,CEE 360
CEE 462,1,CEE 460
CEE 465,2,CEE 461,CEE 460
CEE 470,1,CEE 360
CEE 483,1,CEE 380
CEE 484,1,CEE 483
CEE 490,2,TAM 335,CEE 360
CEE 491,1,CEE 202
CEE 538,3,CEE 443,CEE 444,CEE 442
CEE 552,2,CEE 350,CEE 434
CEE 562,3,CEE 461,CEE 460,CEE 472
CEE 570,2,TAM 551,CEE 471
CEE 572,1,CEE 472
CEE 573,1,CEE 472
CEE 577,4,CEE 570,TAM 551,ME 471,CEE 471
CEE 592,8,ATMS 421,NRES 439,NRES 454,CEE 491,UP 418,UP 480,UP 456,GEOG 480
CHBE 121,2,CHEM 202,CHEM 102
CHBE 221,3,CHEM 104,CS 101,CHEM 204
CHBE 321,2,CHBE 221,MATH 241
CHBE 411,1,MATH 231
CHBE 413,4,MATH 257,MATH 227,MATH 225,MATH 415
CHBE 421,2,CHBE 221,MATH 241
CHBE 422,2,CHBE 321,CHBE 421
CHBE 424,1,CHBE 422
CHBE 430,2,CHBE 424,CHBE 422
CHBE 431,2,CHBE 424,CHBE 422
CHBE 440,5,MATH 285,MATH 284,CHBE 421,CS 101,MATH 286
CHBE 461,4,CHBE 321,MATH 285,MATH 257,MATH 415
CHBE 475,2,CHBE 421,CHBE 422
CHBE 481,3,CHBE 321,CHBE 421,CHBE 422
CHBE 513,2,CHBE 521,CHBE 421
CHBE 565,1,CHBE 422
CHBE 571,3,STAT 410,MATH 461,STAT 420
CHBE 582,1,ACCY 503
CHEM 102,1,MATH 112
CHEM 103,1,CHEM 102
CHEM 104,2,CHEM 202,CHEM 102
CHEM 105,2,CHEM 102,CHEM 103
CHEM 108,1,MATH 112
CHEM 204,3,CHEM 202,CHEM 205,CHEM 203
CHEM 205,1,CHEM 204
CHEM 232,3,CHEM 104,CHEM 105,CHEM 204
CHEM 233,1,CHEM 232
CHEM 236,3,CHEM 104,CHEM 222,CHEM 204
CHEM 237,1,CHEM 236
CHEM 312,2,CHEM 232,CHEM 236
CHEM 315,3,CHEM 223,CHEM 233,CHEM 237
CHEM 332,2,CHEM 232,CHEM 233
CHEM 360,4,CHEM 202,CHEM 232,CHEM 236,CHEM 102
CHEM 420,2,CHEM 440,CHEM 442
CHEM 436,4,CHEM 232,CHEM 236,CHEM 233,CHEM 237
CHEM 437,4,CHEM 436,CHEM 233,CHEM 237,CHEM 332
CHEM 440,4,CHEM 104,PHYS 102,MATH 241,CHEM 204
CHEM 442,6,MATH 225,PHYS 214,CHEM 222,PHYS 211,PHYS 212,CHEM 204
CHEM 444,8,PHYS 212,MATH 225,PHYS 214,CHEM 222,PHYS 211,MATH 257,MATH 415,CHEM 204
CHEM 445,5,CHEM 440,BIOC 446,MCB 446,CHEM 442,CHEM 472
CHEM 447,2,CHEM 440,CHEM 442
CHEM 452,4,MATH 257,MATH 227,MATH 225,MATH 415
CHEM 472,1,CHEM 440
CHEM 474,4,CHEM 436,MCB 450,MCB 354,CHEM 332
CHEM 482,1,MSE 401
CHEM 483,1,CHEM 442
CHEM 516,1,CHEM 444
CHEM 530,2,CHEM 436,CHEM 332
CHEM 542,1,CHEM 540
CHEM 550,1,CHEM 540
CHEM 572,4,CHEM 232,CHEM 236,CHEM 436,CHEM 332
CHIN 202,1,CHIN 201
CHIN 204,1,CHIN 203
CHIN 242,1,CHIN 241
CHIN 306,1,CHIN 305
CHIN 408,1,CHIN 407
CHIN 441,1,CHIN 440
CI 404,2,CI 402,CI 403
CI 407,1,CI 406
CI 420,2,EPOL 201,EPSY 236
CI 432,2,CI 430,CI 431
CI 445,1,CI 421
CI 451,1,CI 450
CI 453,1,EDPR 410
CI 454,1,EDPR 432
CI 456,1,CI 455
CI 466,1,CI 465
CI 475,1,CI 467
CI 477,1,CI 433
CI 487,1,CI 480
CI 517,2,CI 433,CI 477
CI 567,2,LIS 404,CI 467
CLE 688,1,CLE 786
CLE 733,1,CLE 732
CLE 737,1,CLE 660
CLE 744,1,CLE 670
CLE 745,1,CLE 670
CMN 112,1,CMN 111
CMN 211,1,CMN 101
CMN 323,1,CMN 101
CMN 411,1,CMN 212
CPSC 418,2,CPSC 112,IB 103
CPSC 428,2,CPSC 212,CPSC 426
CPSC 431,2,CPSC 112,IB 103
CPSC 436,1,IB 203
CPSC 440,1,MATH 112
CPSC 453,2,CPSC 352,IB 103
CPSC 488,1,NRES 201
CPSC 489,4,IB 420,MCB 450,MCB 354,BIOP 401
CPSC 518,2,CPSC 484,CPSC 418
CPSC 527,1,CPSC 212
CPSC 540,1,CPSC 440
CPSC 543,1,CPSC 440
CPSC 554,2,CPSC 352,CPSC 440
CPSC 566,2,CPSC 352,MCB 450
CS 101,4,MATH 221,MATH 241,MATH 231,MATH 220
CS 105,1,MATH 112
CS 124,1,MATH 112
CS 128,2,CS 124,CS 125
CS 173,5,MATH 221,MATH 220,CS 125,ECE 220,CS 124
CS 210,1,CS 225
CS 211,1,CS 225
CS 222,2,CS 128,CS 225
CS 225,10,MATH 412,MATH 413,CS 413,MATH 347,CS 126,CS 128,ECE 220,CS 173,MATH 213,MATH 314
CS 233,5,CS 225,CS 125,CS 128,CS 173,MATH 213
CS 277,4,MATH 221,MATH 234,STAT 207,MATH 220
CS 307,7,MATH 225,MATH 227,MATH 416,MATH 257,STAT 207,ASRM 406,MATH 415
CS 340,2,CS 128,CS 225
CS 341,2,CS 233,CS 225
CS 357,12,MATH 225,CS 105,CS 125,ASRM 406,MATH 416,MATH 241,CS 101,ECE 220,MATH 257,BIOE 210,CS 124,MATH 415
CS 361,7,MATH 225,MATH 221,MATH 220,MATH 416,MATH 257,ASRM 406,MATH 415
CS 374,3,CS 173,MATH 213,CS 225
CS 402,1,CS 400
CS 403,1,CS 401
CS 407,1,CS 225
CS 410,1,CS 225
CS 411,1,CS 225
CS 412,1,CS 225
CS 413,2,MATH 347,MATH 314
CS 415,1,CS 225
CS 417,1,CS 225
CS 421,12,MATH 225,ECE 391,CS 374,ECE 374,MATH 416,CS 233,MATH 257,CS 340,BIOE 210,ASRM 406,MATH 415,CS 240
CS 423,3,CS 241,CS 341,ECE 391
CS 425,5,CS 241,CS 341,ECE 391,CS 340,CS 240
CS 427,6,CS 241,CS 341,ECE 391,CS 222,CS 340,CS 240
CS 431,3,CS 241,CS 341,ECE 391
CS 433,1,CS 233
CS 434,4,CS 241,ECE 310,CS 341,ECE 391
CS 435,5,CS 241,CS 341,ECE 391,CS 340,CS 240
CS 437,2,CS 241,CS 341
CS 438,10,CS 241,CS 341,STAT 361,CS 361,MATH 461,MATH 463,ECE 391,STAT 400,MATH 362,ECE 313
CS 440,9,STAT 361,CS 361,MATH 461,MATH 463,CS 225,STAT 400,BIOE 310,MATH 362,ECE 313
CS 441,10,CS 277,STAT 361,CS 361,MATH 461,MATH 463,CS 225,STAT 400,BIOE 310,MATH 362,ECE 313
CS 442,12,CS 446,MATH 225,CS 225,CS 440,ECE 449,MATH 416,ECE 448,MATH 257,BIOE 210,CS 441,ASRM 406,MATH 415
CS 443,15,MATH 225,CS 361,STAT 361,MATH 461,CS 225,MATH 463,STAT 400,MATH 362,MATH 416,MATH 241,MATH 257,BIOE 210,ASRM 406,MATH 415,ECE 313
CS 444,15,MATH 225,CS 361,STAT 361,MATH 461,CS 225,MATH 463,STAT 400,MATH 362,MATH 416,MATH 241,MATH 257,BIOE 210,ASRM 406,MATH 415,ECE 313
CS 445,3,MATH 225,MATH 231,CS 225
CS 446,15,MATH 225,CS 361,STAT 361,MATH 461,CS 225,MATH 463,STAT 400,MATH 362,MATH 416,BIOE 310,MATH 257,BIOE 210,ASRM 406,MATH 415,ECE 313
CS 448,11,CS 241,CS 341,MATH 225,ECE 391,MATH 416,MATH 257,CS 340,BIOE 210,ASRM 406,MATH 415,CS 240
CS 450,9,MATH 285,CS 357,MATH 357,CS 125,MATH 416,CS 101,MATH 257,CS 124,MATH 415
CS 461,5,CS 241,CS 341,ECE 391,CS 233,CS 340
CS 462,3,CS 340,CS 341,ECE 391
CS 463,8,STAT 361,CS 361,MATH 461,MATH 463,CS 225,STAT 400,MATH 362,ECE 313
CS 464,1,CS 225
CS 466,1,CS 225
CS 468,1,CS 225
CS 473,9,STAT 361,CS 361,MATH 461,MATH 463,CS 374,STAT 400,ECE 374,MATH 362,ECE 313
CS 476,4,ECE 374,CS 374,MATH 414,CS 225
CS 477,4,ECE 374,CS 374,MATH 414,CS 225
CS 482,2,IE 310,CS 101
CS 483,1,ECE 220
CS 510,5,CS 412,CS 446,ECE 449,CS 410,LING 406
CS 512,1,CS 412
CS 521,3,ECE 374,CS 421,CS 374
CS 523,6,ECE 428,CSE 422,CSE 423,CS 423,CS 425,CS 433
CS 525,6,ECE 428,CS 438,CSE 423,CS 423,CS 425,ECE 438
CS 526,1,CS 426
CS 527,3,CSE 429,CS 428,CS 429
CS 533,2,CSE 422,CS 433
CS 534,2,CSE 422,CS 433
CS 537,4,CS 425,ECE 428,CS 438,ECE 438
CS 543,2,ECE 448,CS 225
CS 554,8,CSE 401,CS 555,CSE 510,ECE 491,CS 450,MATH 450,MATH 552,CS 457
CS 555,5,CSE 401,ECE 491,CS 450,MATH 450,CS 457
CS 562,4,ECE 424,CS 446,CS 463,ECE 449
CS 563,4,ECE 422,ECE 424,CS 461,CS 463
CS 565,1,CS 465
CS 568,1,CS 465
CS 581,4,ECE 374,STAT 361,CS 361,CS 374
CS 583,2,CSE 515,CS 573
CS 584,1,MATH 257
CS 588,3,ECE 374,ECE 484,CS 374
CSE 401,9,MATH 285,CS 357,MATH 357,CS 125,MATH 416,CS 101,MATH 257,CS 124,MATH 415
CSE 408,1,ECE 220
CSE 412,3,TAM 335,ME 320,ME 310
CSE 414,9,STAT 361,CS 361,MATH 461,MATH 463,CS 374,STAT 400,ECE 374,MATH 362,ECE 313
CSE 422,1,CS 233
CSE 423,3,CS 241,CS 341,ECE 391
CSE 426,6,CS 241,CS 341,ECE 391,CS 222,CS 340,CS 240
CSE 428,1,STAT 410
CSE 440,2,STAT 409,STAT 400
CSE 441,2,MATH 257,ECE 220
CSE 448,3,STAT 409,STAT 410,STAT 400
CSE 451,3,ME 371,CS 101,TAM 470
CSE 461,2,AE 312,AE 311
CSE 510,5,CSE 401,ECE 491,CS 450,MATH 450,CS 457
CSE 521,2,ECE 411,CS 433
CSE 522,2,CSE 422,CS 433
CSE 525,3,STAT 510,STAT 426,STAT 425
CSE 542,2,STAT 410,STAT 425
CSE 551,2,TAM 551,CEE 471
CSE 553,4,CEE 570,TAM 551,ME 471,CEE 471
CSE 566,1,MATH 285
CW 200,2,CW 106,CW 104
CW 204,1,CW 104
CW 206,1,CW 106
CW 404,1,CW 204
CW 406,1,CW 206
CW 455,3,CW 404,CW 208,CW 406
CW 460,2,CW 106,CW 104
CWL 226,1,AFRO 100
CWL 317,3,FR 207,FR 212,FR 211
CWL 512,1,TRST 501
DANC 232,1,DANC 160
DANC 260,1,DANC 160
DANC 331,2,DANC 231,DANC 131
DANC 360,1,DANC 260
DANC 362,2,DANC 262,DANC 259
DANC 431,2,DANC 231,DANC 131
DANC 460,1,DANC 360
DANC 470,1,DANC 260
DANC 497,1,DANC 496
DANC 498,1,DANC 375
DANC 499,1,DANC 362
EALC 359,2,PS 240,PS 241
EALC 512,1,TRST 501
EALC 588,1,SPAN 580
ECE 145,2,ECE 110,ECE 120
ECE 205,1,PHYS 212
ECE 206,1,ECE 205
ECE 210,4,ECE 110,MATH 285,MATH 286,PHYS 212
ECE 211,4,ECE 110,MATH 285,MATH 286,PHYS 212
ECE 217,1,ECE 110
ECE 220,1,ECE 120
ECE 310,1,ECE 210
ECE 311,1,ECE 310
ECE 313,2,MATH 257,MATH 416
ECE 314,3,IE 300,STAT 410,ECE 313
ECE 316,1,RHET 105
ECE 329,1,ECE 210
ECE 330,1,ECE 210
ECE 333,2,ECE 210,ECE 205
ECE 340,3,ECE 210,ECE 205,PHYS 214
ECE 342,1,ECE 210
ECE 343,1,ECE 342
ECE 350,1,ECE 329
ECE 364,1,MATH 257
ECE 374,3,CS 173,MATH 213,CS 225
ECE 385,2,ECE 110,ECE 220
ECE 391,2,ECE 220,CS 233
ECE 395,1,ECE 385
ECE 402,1,ECE 310
ECE 406,1,ECE 305
ECE 407,1,CS 225
ECE 408,1,ECE 220
ECE 411,3,CS 341,ECE 385,ECE 391
ECE 414,3,ECE 210,ECE 205,BIOE 205
ECE 415,1,BIOE 414
ECE 416,1,ECE 329
ECE 418,6,MATH 461,STAT 400,ECE 310,IE 300,MATH 415,ECE 313
ECE 420,1,ECE 310
ECE 422,5,CS 241,CS 341,ECE 391,CS 233,CS 340
ECE 424,8,STAT 361,CS 361,MATH 461,MATH 463,CS 225,STAT 400,MATH 362,ECE 313
ECE 425,2,ECE 385,CS 233
ECE 428,5,CS 241,CS 341,ECE 391,CS 340,CS 240
ECE 431,1,ECE 330
ECE 434,4,CS 241,ECE 310,CS 341,ECE 391
ECE 438,10,CS 241,CS 341,STAT 361,CS 361,MATH 461,MATH 463,ECE 391,STAT 400,MATH 362,ECE 313
ECE 441,1,ECE 340
ECE 443,1,ECE 340
ECE 444,1,ECE 340
ECE 445,1,ECE 385
ECE 448,9,STAT 361,CS 361,MATH 461,MATH 463,CS 225,STAT 400,BIOE 310,MATH 362,ECE 313
ECE 449,15,MATH 225,CS 361,STAT 361,MATH 461,CS 225,MATH 463,STAT 400,MATH 362,MATH 416,BIOE 310,MATH 257,BIOE 210,ASRM 406,MATH 415,ECE 313
ECE 455,2,PHYS 436,ECE 350
ECE 460,2,ECE 329,ECE 313
ECE 461,2,ECE 210,ECE 313
ECE 467,3,PHYS 402,ECE 460,ECE 455
ECE 470,3,MATH 257,MATH 418,MATH 225
ECE 478,4,ECE 374,CS 374,MATH 414,CS 225
ECE 479,2,ECE 220,CS 225
ECE 480,1,ECE 310
ECE 481,5,CHBE 457,ME 485,MSE 401,PHYS 460,CHEM 442
ECE 483,1,ECE 342
ECE 484,2,CS 124,ECE 220
ECE 486,1,ECE 210
ECE 488,2,ECE 340,ECE 350
ECE 489,1,SE 320
ECE 490,2,MATH 257,ECE 220
ECE 491,9,MATH 285,CS 357,MATH 357,CS 125,MATH 416,CS 101,MATH 257,CS 124,MATH 415
ECE 494,15,MATH 225,CS 361,STAT 361,MATH 461,CS 225,MATH 463,STAT 400,MATH 362,MATH 416,MATH 241,MATH 257,BIOE 210,ASRM 406,MATH 415,ECE 313
ECE 496,1,RHET 105
ECE 499,1,ECE 496
ECE 511,2,ECE 411,CS 433
ECE 515,1,ECE 486
ECE 524,4,ECE 422,ECE 424,CS 461,CS 463
ECE 528,3,ECE 515,MATH 444,MATH 447
ECE 532,2,PHYS 486,ECE 340
ECE 534,3,MATH 461,STAT 400,ECE 313
ECE 538,1,ECE 340
ECE 543,1,ECE 534
ECE 546,1,ECE 520
ECE 549,2,ECE 448,CS 225
ECE 551,2,ECE 310,ECE 313
ECE 553,2,ECE 515,ECE 313
ECE 561,1,ECE 534
ECE 570,1,ECE 520
ECE 575,2,ECE 520,ECE 350
ECE 584,1,MATH 257
ECE 585,1,ECE 441
ECON 202,3,MATH 221,MATH 234,MATH 220
ECON 203,4,MATH 221,MATH 234,ECON 202,MATH 220
ECON 302,1,ECON 102
ECON 303,5,MATH 234,MATH 221,ECON 102,ECON 103,MATH 220
ECON 399,2,ECON 302,ECON 202
ECON 402,3,ECON 302,ECON 202,MATH 220
ECON 411,1,ECON 302
ECON 418,4,ECON 302,ECON 202,MATH 221,MATH 220
ECON 420,2,ECON 302,ECON 303
ECON 422,4,MATH 221,ECON 202,MATH 220,ECON 303
ECON 440,1,ECON 302
ECON 447,4,ECON 302,ECON 202,MATH 221,MATH 220
ECON 448,4,ECON 302,ECON 202,MATH 221,MATH 220
ECON 455,4,ECON 302,ECON 202,MATH 221,MATH 220
ECON 456,3,ECON 302,ECON 202,MATH 220
ECON 460,4,ECON 302,ECON 202,MATH 221,MATH 220
ECON 469,3,ECON 302,MATH 221,MATH 220
ECON 474,4,ECON 302,ECON 203,MATH 221,MATH 220
ECON 475,4,ECON 302,ECON 203,MATH 221,MATH 220
ECON 480,1,ECON 302
ECON 484,1,ECON 302
ECON 490,5,ECON 303,ECON 302,MATH 221,MATH 220,ECON 202
ECON 491,3,ECON 302,ECON 203,MATH 220
ECON 501,2,ECON 102,ECON 103
ECON 503,1,ECON 502
ECON 511,1,ECON 302
ECON 514,2,ECON 302,ECON 303
ECON 519,2,ECON 501,ECON 500
ECON 522,3,ECON 502,ECON 500,ECON 508
ECON 533,1,ECON 530
ECON 534,1,ECON 531
ECON 535,1,ECON 532
ECON 540,2,ECON 302,ECON 303
ECON 548,1,ECON 302
ECON 551,1,ECON 535
ECON 575,1,ECON 574
ECON 578,2,MATH 561,STAT 511
EDPR 432,2,CI 420,CI 406
EIL 460,1,EIL 489
EIL 512,1,EIL 411
ENG 411,1,ENG 110
ENG 471,6,CHEM 104,MATH 221,MATH 220,PHYS 211,PHYS 101,CHEM 204
ENG 571,1,ENG 471
ENGL 209,1,ENGL 200
ENGL 255,1,ENGL 200
ENVS 310,2,ECON 102,ACE 100
ENVS 420,1,IB 203
ENVS 510,1,ECON 302
EPSY 280,1,MATH 112
EPSY 401,2,EPSY 201,EPSY 236
EPSY 402,2,EPSY 201,EPSY 236
EPSY 403,4,EPSY 280,EPSY 480,PSYC 301,PSYC 235
EPSY 405,2,PSYC 216,EPSY 236
EPSY 420,1,PSYC 238
EPSY 471,1,EPSY 480
EPSY 487,1,EIL 489
EPSY 567,1,PSYC 407
EPSY 575,4,EPSY 574,EPSY 577,EPSY 580,EPSY 578
EPSY 579,2,EPSY 580,EPSY 581
EPSY 581,1,EPSY 580
EPSY 586,2,EPSY 585,PSYC 490
EPSY 587,4,EPSY 582,PSYC 407,PSYC 406,EPSY 581
ERAM 511,1,ERAM 550
ERAM 512,1,ERAM 511
ERAM 566,1,ERAM 565
ERAM 567,1,ERAM 566
ESE 380,2,GGIS 379,ESE 379
ESE 439,1,IB 150
ESL 112,1,ESL 111
ESL 512,1,ESL 511
ESL 522,1,ESL 521
ESL 535,2,ESL 521,ESL 511
ESL 592,1,ESL 515
ETMA 234,1,ETMA 100
ETMA 339,6,MATH 234,ACE 262,CS 105,ECON 202,STAT 107,CPSC 241
ETMA 425,2,ETMA 421,ETMA 422
ETMA 439,1,ETMA 430
FAA 330,1,ARCH 171
FAA 431,1,FAA 430
FIN 221,2,ECON 102,ECON 103
FIN 241,1,ECON 102
FIN 300,1,FIN 221
FIN 321,1,FIN 300
FIN 411,1,FIN 300
FIN 412,1,FIN 300
FIN 415,1,FIN 321
FIN 416,2,FIN 412,FIN 300
FIN 418,2,FIN 321,FIN 300
FIN 419,1,FIN 321
FIN 423,1,FIN 300
FIN 425,1,FIN 321
FIN 434,1,FIN 300
FIN 435,1,FIN 300
FIN 445,2,FIN 241,FIN 300
FIN 446,2,FIN 241,FIN 300
FIN 461,1,FIN 300
FIN 463,2,FIN 391,FIN 300
FIN 464,1,ACCY 201
FIN 490,1,FIN 300
FIN 503,1,FIN 502
FIN 513,1,FIN 512
FIN 515,2,FIN 520,MBA 505
FIN 527,1,FIN 521
FIN 529,2,ACCY 501,FIN 504
FIN 537,3,FIN 500,FIN 512,IE 522
FIN 546,1,FIN 541
FIN 586,1,FIN 585
FIN 589,1,FIN 511
FLTE 478,2,FLTE 471,FLTE 475
FR 102,1,FR 101
FR 103,1,FR 102
FR 104,1,FR 103
FR 205,2,FR 134,FR 104
FR 207,2,FR 134,FR 104
FR 211,1,FR 207
FR 212,1,FR 207
FR 319,3,FR 207,FR 212,FR 211
FR 322,3,FR 207,FR 212,FR 211
FR 336,2,FR 212,FR 211
FR 390,2,FR 207,FR 205
FR 460,1,EIL 489
FR 588,1,SPAN 580
FSHN 201,2,PHYS 101,MATH 220
FSHN 232,1,FSHN 101
FSHN 251,1,FSHN 220
FSHN 260,3,CHEM 104,CHEM 232,CHEM 105
FSHN 320,3,FSHN 120,FSHN 101,FSHN 220
FSHN 322,2,FSHN 120,FSHN 220
FSHN 329,4,RHET 105,FSHN 120,CMN 101,FSHN 220
FSHN 340,3,FSHN 345,FSHN 249,FSHN 232
FSHN 418,3,CHEM 232,FSHN 416,FSHN 414
FSHN 423,2,FSHN 332,FSHN 220
FSHN 425,2,ECON 102,ACE 100
FSHN 426,3,FSHN 120,FSHN 220,FSHN 414
FSHN 427,3,FSHN 120,FSHN 220,FSHN 414
FSHN 429,1,FSHN 420
FSHN 440,1,MATH 112
FSHN 443,3,FSHN 340,FSHN 442,FSHN 439
FSHN 459,3,FSHN 429,FSHN 329,FSHN 420
FSHN 466,9,FSHN 416,FSHN 418,FSHN 419,FSHN 232,FSHN 482,FSHN 471,FSHN 472,FSHN 302,FSHN 484
FSHN 471,3,MCB 250,MCB 300,MCB 100
FSHN 472,2,FSHN 471,MCB 100
FSHN 481,4,FSHN 312,FSHN 460,FSHN 471,FSHN 414
FSHN 482,1,FSHN 481
FSHN 502,1,FSHN 302
FSHN 511,5,MCB 246,MCB 244,MCB 450,FSHN 426,ANSC 520
FSHN 522,4,MCB 450,FSHN 420,MCB 246,MCB 244
FSHN 524,1,FSHN 420
FSHN 591,1,FSHN 590
GEOL 390,1,GEOL 208
GEOL 391,1,GEOL 208
GEOL 432,3,CHEM 104,CHEM 105,GEOL 208
GEOL 440,1,GEOL 208
GEOL 460,6,CHEM 104,GEOL 107,MATH 221,CHEM 105,MATH 220,GEOL 101
GEOL 490,1,GEOL 208
GEOL 491,1,GEOL 208
GEOL 506,2,MATH 285,GEOL 401
GEOL 512,1,GEOL 411
GEOL 579,3,GEOL 470,CEE 457,GEOL 562
GER 211,1,GER 104
GER 212,1,GER 211
GER 299,1,GER 104
GER 321,1,GER 320
GER 420,1,GER 331
GER 460,1,EIL 489
GER 512,1,TRST 501
GER 588,1,SPAN 580
GGIS 380,2,GGIS 379,ESE 379
GGIS 436,1,IB 150
GGIS 476,2,GGIS 103,GGIS 224
GGIS 477,2,STAT 100,GGIS 280
GGIS 478,1,GGIS 477
GGIS 489,1,ESE 379
GGIS 491,1,GGIS 471
GLBL 450,1,GLBL 250
GLBL 495,1,GLBL 494
GLBL 499,1,GLBL 100
GRK 102,1,GRK 101
GRK 202,1,GRK 201
GRK 401,1,GRK 202
GRK 411,1,GRK 201
GRK 491,1,GRK 401
GRK 493,1,GRK 401
GRKM 202,1,GRKM 201
GRKM 404,1,GRKM 403
GWS 317,3,GWS 100,GWS 202,GWS 201
GWS 385,3,GWS 100,GWS 202,GWS 201
GWS 415,1,AFRO 103
GWS 459,4,GWS 100,GWS 370,GWS 350,GWS 250
HDFS 208,1,HDFS 105
HDFS 290,1,HDFS 105
HDFS 301,2,HDFS 105,PSYC 216
HDFS 305,1,HDFS 105
HDFS 310,1,HDFS 105
HDFS 330,1,STAT 100
HDFS 350,1,HDFS 105
HDFS 405,2,HDFS 105,PSYC 100
HDFS 408,1,HDFS 105
HDFS 420,1,HDFS 120
HDFS 426,1,HDFS 120
HDFS 444,1,SOC 100
HDFS 550,1,HDFS 450
HDFS 594,1,HDFS 590
HEBR 202,1,HEBR 201
HEBR 404,1,HEBR 403
HIST 385,3,GWS 100,GWS 202,GWS 201
HIST 459,4,GWS 100,GWS 370,GWS 350,GWS 250
HIST 493,3,HIST 492,HIST 499,HIST 495
HIST 499,2,HIST 492,HIST 495
HIST 594,1,HIST 593
HK 340,2,HK 140,PSYC 100
HK 354,1,MCB 244
HK 443,1,HK 340
HK 452,1,HK 352
HK 455,1,HK 352
HK 471,1,HK 470
HK 510,5,MCB 246,MCB 244,MCB 450,FSHN 426,ANSC 520
HK 523,1,HK 522
HK 528,1,PATH 517
HK 531,2,HK 513,HK 527
HNDI 202,1,HNDI 201
HNDI 404,1,HNDI 403
HNDI 406,1,HNDI 405
HNDI 412,1,HNDI 403
HORT 101,3,HORT 106,HORT 100,CPSC 112
HORT 341,2,HORT 100,NRES 201
HORT 361,2,HORT 100,IB 103
HORT 435,2,HORT 100,CPSC 112
HT 511,1,HT 510
IB 151,1,IB 150
IB 202,2,IB 150,MCB 150
IB 271,3,IB 270,IB 150,MCB 150
IB 302,1,IB 204
IB 407,3,IB 100,IB 150,IB 103
IB 416,5,MATH 234,ANSC 221,MATH 221,IB 204,MATH 220
IB 421,4,IB 420,MCB 450,MCB 354,BIOP 401
IB 432,2,IB 204,IB 150
IB 433,2,IB 202,IB 401
IB 435,2,IB 202,IB 203
IB 439,1,IB 150
IB 440,2,CPSC 112,IB 103
IB 451,1,IB 203
IB 461,1,IB 203
IB 467,3,IB 302,IB 335,IB 468
IB 476,2,GGIS 103,GGIS 224
IB 481,2,IB 361,IB 401
IB 494,2,MATH 221,MATH 220
IE 300,1,MATH 241
IE 310,2,MATH 257,MATH 415
IE 330,1,IE 300
IE 340,2,PSYC 103,PSYC 100
IE 361,1,IE 310
IE 370,2,IE 310,IE 300
IE 371,2,IE 310,IE 300
IE 413,2,IE 310,CS 101
IE 420,1,IE 300
IE 431,1,IE 300
IE 510,1,IE 310
IE 511,2,IE 411,MATH 482
IE 514,1,IE 411
IE 525,1,IE 523
IE 529,2,MATH 416,IE 300
IE 531,2,IE 411,CS 225
IE 583,2,FIN 500,IE 522
IS 203,1,MATH 112
IS 236,2,IS 204,IS 226
IS 249,2,IS 202,IS 101
IS 269,2,IS 202,IS 101
IS 305,5,IS 205,CS 105,ECE 120,CS 125,CS 101
IS 308,1,IS 202
IS 309,1,IS 202
IS 439,1,IS 430
IS 477,2,IS 205,STAT 207
IS 490,1,IS 202
IS 517,1,IS 507
IS 530,2,IS 505,IS 501
IS 557,5,IS 517,CS 412,CS 446,IS 577,IS 590
IS 585,2,IS 505,IS 501
ITAL 102,1,ITAL 101
ITAL 103,1,ITAL 102
ITAL 104,1,ITAL 103
ITAL 310,1,ITAL 210
ITAL 390,1,ITAL 104
ITAL 460,1,EIL 489
ITAL 588,1,SPAN 580
JAPN 202,1,JAPN 201
JAPN 204,1,JAPN 203
JAPN 306,1,JAPN 305
JAPN 441,1,JAPN 440
JOUR 210,1,JOUR 200
JOUR 215,1,JOUR 210
JOUR 340,1,JOUR 215
JOUR 425,1,JOUR 215
JOUR 440,5,MACS 260,JOUR 215,JOUR 340,MACS 150,JOUR 240
JOUR 445,1,JOUR 340
JOUR 472,1,JOUR 210
JOUR 480,1,JOUR 210
JOUR 483,1,JOUR 315
KOR 202,1,KOR 201
KOR 204,1,KOR 203
KOR 222,1,KOR 221
KOR 242,1,KOR 241
KOR 306,1,KOR 305
KOR 441,1,KOR 440
LA 234,1,LA 233
LA 281,2,LA 280,LA 234
LA 336,1,LA 335
LA 343,1,LA 342
LA 438,1,LA 336
LA 534,1,LA 433
LA 539,1,LA 534
LAS 205,1,LAS 195
LAS 292,1,LAS 291
LAST 232,2,SPAN 142,SPAN 141
LAST 490,1,LAST 170
LAT 102,1,LAT 101
LAT 201,1,LAT 102
LAT 401,1,LAT 202
LAT 493,1,LAT 401
LAT 520,1,LAT 491
LEAD 460,2,LEAD 380,LEAD 260
LER 440,1,ECON 302
LER 510,1,LER 593
LER 526,1,LER 593
LER 540,2,ECON 302,ECON 303
LING 221,1,SHS 121
LING 270,1,LING 100
LING 301,1,LING 100
LING 302,1,LING 100
LING 304,1,LING 100
LING 307,1,LING 100
LING 321,1,SHS 221
LING 414,5,LING 400,LING 448,LING 100,LING 402,LING 413
LING 427,5,PSYC 224,PSYC 248,LING 225,SHS 170,PSYC 210
LING 446,1,LING 402
LING 514,3,LING 425,EIL 489,LING 400
LING 541,1,LING 501
LING 542,1,LING 502
LING 551,2,LING 507,LING 501
LING 588,1,SPAN 580
LLS 308,1,SPAN 228
LLS 316,1,PS 101
LLS 490,1,LLS 385
MACS 260,2,MACS 150,MACS 140
MACS 419,1,RUSS 219
MACS 480,1,MACS 370
MACS 481,1,MACS 370
MATH 103,2,MATH 112,MATH 012
MATH 115,1,MATH 112
MATH 117,2,MATH 112,MATH 012
MATH 124,2,MATH 112,MATH 012
MATH 213,2,MATH 221,MATH 220
MATH 225,2,MATH 221,MATH 220
MATH 227,1,STAT 107
MATH 231,2,MATH 221,MATH 220
MATH 241,1,MATH 231
MATH 257,3,MATH 221,CS 101,MATH 220
MATH 285,1,MATH 241
MATH 314,1,MATH 241
MATH 357,12,MATH 225,CS 105,CS 125,ASRM 406,MATH 416,MATH 241,CS 101,ECE 220,MATH 257,BIOE 210,CS 124,MATH 415
MATH 362,2,MATH 257,MATH 416
MATH 402,4,MATH 347,MATH 348,MATH 241,MATH 314
MATH 403,3,MATH 347,MATH 241,MATH 314
MATH 412,3,CS 374,MATH 347,MATH 314
MATH 413,2,MATH 347,MATH 314
MATH 414,2,MATH 347,MATH 314
MATH 415,1,MATH 241
MATH 416,3,MATH 347,MATH 241,MATH 314
MATH 417,3,CS 374,MATH 347,MATH 314
MATH 418,1,MATH 417
MATH 424,2,MATH 416,MATH 347
MATH 425,3,MATH 416,MATH 424,MATH 415
MATH 432,2,MATH 347,MATH 314
MATH 441,3,MATH 347,MATH 241,MATH 314
MATH 442,4,MATH 284,MATH 285,MATH 441,MATH 286
MATH 444,3,MATH 347,MATH 241,MATH 314
MATH 446,1,MATH 241
MATH 447,3,MATH 347,MATH 241,MATH 314
MATH 448,1,MATH 447
MATH 450,9,MATH 285,CS 357,MATH 357,CS 125,MATH 416,CS 101,MATH 257,CS 124,MATH 415
MATH 453,2,MATH 347,MATH 314
MATH 461,1,MATH 241
MATH 463,1,MATH 231
MATH 464,2,MATH 241,STAT 400
MATH 466,3,MATH 416,MATH 461,MATH 241
MATH 473,9,STAT 361,CS 361,MATH 461,MATH 463,CS 374,STAT 400,ECE 374,MATH 362,ECE 313
MATH 481,4,MATH 257,MATH 241,MATH 416,MATH 415
MATH 482,4,MATH 257,MATH 416,ASRM 406,MATH 415
MATH 484,4,MATH 257,MATH 241,MATH 416,MATH 415
MATH 489,4,MATH 284,MATH 285,MATH 441,MATH 286
MATH 500,2,MATH 418,MATH 417
MATH 503,1,MATH 500
MATH 506,1,MATH 501
MATH 511,1,MATH 500
MATH 519,1,MATH 518
MATH 525,2,MATH 448,MATH 417
MATH 530,1,MATH 500
MATH 532,1,MATH 531
MATH 540,1,MATH 447
MATH 541,1,MATH 540
MATH 552,5,CSE 401,ECE 491,CS 450,MATH 450,CS 457
MATH 561,1,MATH 540
MATH 586,1,MATH 580
MCB 101,1,MCB 100
MCB 151,1,MCB 150
MCB 246,3,CHEM 101,CHEM 102,MCB 244
MCB 247,3,CHEM 101,MCB 245,CHEM 102
MCB 250,3,CHEM 104,CHEM 102,MCB 150
MCB 251,1,MCB 250
MCB 252,1,MCB 250
MCB 253,1,MCB 252
MCB 300,2,MCB 250,MCB 252
MCB 301,2,MCB 250,MCB 300
MCB 317,4,MCB 250,MCB 252,MCB 253,MCB 251
MCB 354,4,MCB 250,CHEM 232,MCB 252,CHEM 236
MCB 364,2,MCB 252,MCB 253
MCB 402,1,MCB 252
MCB 406,1,MCB 354
MCB 418,1,MCB 314
MCB 424,3,MCB 250,MCB 450,MCB 354
MCB 430,2,MCB 300,MCB 354
MCB 433,2,MCB 300,MCB 354
MCB 434,3,MCB 250,MCB 300,MCB 100
MCB 446,1,CHEM 440
MCB 450,2,CHEM 232,CHEM 236
MCB 460,1,MCB 314
MCB 462,1,MCB 252
MCB 465,2,MCB 250,MCB 252
MCB 466,2,MCB 252,MCB 354
MCB 468,3,MCB 252,MCB 450,MCB 354
MCB 480,1,MCB 252
MCB 492,1,MCB 290
MCB 543,1,NEUR 542
MCB 545,1,MCB 502
MCB 553,4,CHEM 232,CHEM 236,CHEM 436,CHEM 332
MCB 571,3,STAT 410,MATH 461,STAT 420
MCB 581,1,MCB 582
MCB 582,1,MCB 581
MCB 583,2,MCB 581,MCB 582
ME 200,1,MATH 241
ME 270,1,ME 170
ME 310,3,MATH 285,ME 200,MATH 441
ME 320,5,TAM 335,MATH 285,ME 310,MATH 441,ME 200
ME 330,2,CHEM 102,TAM 251
ME 340,7,MATH 285,MATH 441,MATH 416,TAM 212,MATH 257,ECE 205,MATH 415
ME 360,1,ME 340
ME 370,3,TAM 212,ME 270,TAM 251
ME 371,4,TAM 324,ME 330,CEE 300,ME 370
ME 400,1,ME 200
ME 404,1,ME 200
ME 412,3,TAM 335,ME 320,ME 310
ME 445,3,MATH 257,MATH 418,MATH 225
ME 446,1,SE 320
ME 452,2,ME 270,CS 101
ME 455,1,ME 270
ME 460,2,ME 360,ME 340
ME 471,3,ME 371,CS 101,TAM 470
ME 481,2,TAM 212,TAM 251
ME 483,2,CHEM 102,TAM 251
ME 487,1,PHYS 212
ME 501,2,AE 311,ME 410
ME 510,1,ME 410
ME 540,1,ECE 486
ME 546,3,ECE 515,MATH 444,MATH 447
ME 547,4,ECE 515,ME 540,ME 543,ECE 517
MILS 302,1,MILS 301
MILS 342,1,MILS 341
MSE 183,1,MSE 182
MSE 201,4,CHEM 104,MSE 182,MATH 231,PHYS 211
MSE 206,2,PHYS 211,MATH 241
MSE 280,2,PHYS 211,CHEM 102
MSE 304,1,PHYS 214
MSE 308,2,MSE 307,MSE 406
MSE 402,2,MSE 201,MSE 401
MSE 404,2,MSE 307,MSE 308
MSE 405,3,MATH 285,MSE 201,PHYS 214
MSE 420,1,MSE 401
MSE 441,1,MSE 406
MSE 450,1,MSE 401
MSE 455,2,MSE 206,TAM 251
MSE 458,1,MSE 401
MSE 460,3,MSE 304,ECE 340,PHYS 460
MSE 473,4,CHEM 472,CHEM 440,MCB 150,MSE 403
MSE 474,3,CHEM 236,MCB 450,MSE 457
MSE 481,1,MSE 405
MSE 487,2,PHYS 214,MSE 401
MSE 495,1,MSE 494
MSE 501,2,PHYS 560,MSE 500
MSE 580,2,PHYS 436,MSE 405
MSE 582,2,MSE 501,PHYS 560
MSE 583,1,MSE 401
MUS 102,1,MUS 101
MUS 105,3,MUS 101,CS 124,MATH 220
MUS 108,1,MUS 107
MUS 164,1,MUS 163
MUS 175,3,MUS 174,MUS 201,MUS 207
MUS 202,2,MUS 201,MUS 207
MUS 206,1,MUS 106
MUS 208,1,MUS 207
MUS 242,2,MUS 102,MUS 108
MUS 305,5,MUS 205,CS 222,CS 128,MUS 105,CS 124
MUS 314,1,MUS 313
MUS 331,1,MUS 330
MUS 342,1,MUS 240
MUS 344,2,MUS 350,MUS 240
MUS 346,2,MUS 350,MUS 240
MUS 361,1,MUS 360
MUS 363,1,MUS 362
MUS 365,1,MUS 364
MUS 369,1,MUS 368
MUS 401,2,MUS 209,MUS 407
MUS 406,1,MUS 206
MUS 408,2,MUS 202,MUS 208
MUS 409,1,MUS 407
MUS 422,1,MUS 181
MUS 434,3,MUS 240,MUS 343,MUS 342
MUS 438,1,MUS 240
MUS 455,5,MUS 208,MUS 454,MUS 175,MUSC 101,MUS 202
MUS 472,2,MUSC 468,MUS 422
MUS 475,1,MUS 481
MUS 508,1,MUS 504
MUS 512,1,MUS 511
MUS 521,1,MUS 528
MUS 522,1,MUS 528
MUS 549,1,MUS 548
MUS 569,2,MUS 532,MUS 533
NE 412,2,BIOE 210,BIOE 310
NE 422,3,NE 330,BIOE 210,BIOE 310
NEUR 302,1,PSYC 100
NEUR 405,2,PSYC 224,PSYC 210
NEUR 414,2,PSYC 210,MCB 150
NEUR 432,2,IB 204,IB 150
NEUR 445,3,PSYC 220,PSYC 210,PSYC 204
NEUR 462,1,MCB 252
NEUR 543,1,NEUR 542
NPRE 247,3,PHYS 211,MATH 285,CS 101
NPRE 349,3,TAM 335,MATH 285,ME 310
NPRE 412,2,NPRE 247,NPRE 402
NPRE 421,1,NPRE 321
NPRE 429,2,ECE 329,PHYS 435
NPRE 441,1,NPRE 445
NPRE 442,3,PHYS 102,MATH 231,PHYS 212
NPRE 451,1,NPRE 445
NPRE 455,1,NPRE 247
NPRE 457,2,NPRE 247,NPRE 402
NPRE 458,1,NPRE 449
NPRE 470,3,MATH 285,CHEM 102,PHYS 212
NPRE 475,7,TAM 335,ME 310,CHBE 421,MATH 241,CS 101,ECE 110,ECE 205
NPRE 511,1,NPRE 501
NPRE 521,1,NPRE 446
NPRE 531,1,NPRE 430
NPRE 558,2,NPRE 501,NPRE 448
NPRE 561,4,NPRE 461,CEE 491,NPRE 457,GE 411
NRES 201,3,MATH 234,MATH 115,CHEM 102
NRES 310,2,ECON 102,ACE 100
NRES 340,1,STAT 100
NRES 362,1,NRES 219
NRES 385,2,NRES 219,NRES 201
NRES 407,1,NRES 348
NRES 419,5,CHEM 104,NRES 219,LA 450,IB 103,NRES 201
NRES 420,2,NRES 219,LA 450
NRES 421,3,MATH 221,MATH 234,MATH 220
NRES 431,2,CPSC 112,IB 103
NRES 440,1,MATH 112
NRES 441,1,IB 150
NRES 455,2,GGIS 379,NRES 454
NRES 456,2,NRES 287,NRES 219
NRES 461,1,IB 203
NRES 474,1,NRES 201
NRES 475,2,CHEM 104,NRES 201
NRES 477,2,STAT 100,GGIS 280
NRES 480,1,NRES 348
NRES 485,1,NRES 219
NRES 488,1,NRES 201
NRES 490,4,CHEM 104,MATH 234,MATH 221,MATH 220
NRES 510,1,ECON 302
NRES 527,1,NRES 417
NRES 592,8,ATMS 421,NRES 439,NRES 454,CEE 491,UP 418,UP 480,UP 456,GEOG 480
NS 307,1,NS 204
NS 308,1,NS 303
NUTR 426,3,FSHN 120,FSHN 220,FSHN 414
NUTR 427,3,FSHN 120,FSHN 220,FSHN 414
NUTR 440,1,MATH 112
NUTR 511,5,MCB 246,MCB 244,MCB 450,FSHN 426,ANSC 520
NUTR 520,2,ANSC 222,MCB 450
NUTR 522,4,MCB 450,FSHN 420,MCB 246,MCB 244
NUTR 526,1,ANSC 422
PATH 433,2,MCB 300,MCB 354
PATH 520,1,PATH 517
PATH 527,1,VM 607
PATH 546,1,PATH 545
PATH 547,1,PATH 545
PATH 556,2,VM 608,VM 605
PATH 557,1,PATH 556
PATH 558,2,PATH 556,PATH 557
PATH 559,2,PATH 546,PATH 545
PERS 202,1,PERS 201
PERS 404,1,PERS 403
PERS 454,1,PERS 453
PHIL 307,1,LING 100
PHIL 316,1,RHET 105
PHIL 410,1,PHIL 203
PHIL 419,3,PHIL 101,PHYS 211,PHYS 101
PHIL 420,3,PHIL 101,PHYS 211,PHYS 101
PHIL 454,1,PHIL 202
PHIL 499,5,PHIL 203,PHIL 202,PHIL 222,PHIL 206,PHIL 223
PHIL 551,2,LING 507,LING 501
PHYS 102,1,PHYS 101
PHYS 211,1,MATH 231
PHYS 212,2,PHYS 211,MATH 241
PHYS 213,2,PHYS 211,MATH 241
PHYS 214,1,PHYS 212
PHYS 221,2,PHYS 211,PHYS 100
PHYS 225,1,PHYS 212
PHYS 246,1,PHYS 211
PHYS 325,3,MATH 285,PHYS 225,MATH 286
PHYS 326,1,PHYS 325
PHYS 370,1,PHYS 214
PHYS 395,1,PHYS 394
PHYS 401,3,ECE 329,PHYS 325,PHYS 435
PHYS 402,3,ECE 329,PHYS 214,PHYS 435
PHYS 403,2,PHYS 486,PHYS 485
PHYS 404,1,PHYS 325
PHYS 407,4,PHYS 213,PHYS 214,CS 101,PHYS 325
PHYS 419,3,PHIL 101,PHYS 211,PHYS 101
PHYS 420,3,PHIL 101,PHYS 211,PHYS 101
PHYS 427,4,PHYS 213,ECE 329,PHYS 214,PHYS 435
PHYS 435,2,MATH 285,PHYS 325
PHYS 436,1,PHYS 435
PHYS 446,1,PHYS 246
PHYS 450,1,PHYS 325
PHYS 460,3,PHYS 486,PHYS 485,PHYS 435
PHYS 470,2,PHYS 486,PHYS 485
PHYS 486,3,ECE 329,PHYS 214,PHYS 435
PHYS 487,1,PHYS 486
PHYS 504,2,PHYS 486,PHYS 427
PHYS 509,1,PHYS 508
PHYS 513,1,PHYS 486
PHYS 516,1,PHYS 515
PHYS 560,2,PHYS 427,PHYS 580
PHYS 567,1,PHYS 560
PHYS 576,1,PHYS 575
PHYS 581,1,PHYS 580
PHYS 583,1,PHYS 582
PLPA 200,1,RHET 105
POL 102,1,POL 101
POL 202,1,POL 201
PORT 401,1,PORT 400
PORT 404,1,PORT 403
PORT 460,1,EIL 489
PORT 588,1,SPAN 580
PS 220,2,PS 101,PS 100
PS 230,2,PS 101,PS 100
PS 301,1,PS 101
PS 302,1,PS 101
PS 303,1,PS 101
PS 304,1,PS 101
PS 305,3,PS 101,PS 302,PS 301
PS 307,1,PS 101
PS 309,1,PS 101
PS 316,1,PS 101
PS 318,1,PS 101
PS 320,1,PS 101
PS 321,1,PS 101
PS 359,2,PS 240,PS 241
PS 372,1,PS 270
PS 376,1,PS 270
PS 377,1,PS 270
PS 381,2,PS 240,PS 241
PS 386,2,PS 280,PS 283
PS 398,2,PS 281,PS 280
PS 399,1,PS 280
PS 485,8,PS 390,EURO 501,EURO 502,PS 281,PS 282,PS 280,PS 385,PS 180
PS 522,1,PS 521
PS 528,1,PSYC 407
PS 531,1,PS 530
PS 534,1,PSYC 506
PS 582,1,PS 580
PSM 502,1,PSM 501
PSM 503,1,PSM 502
PSYC 201,2,PSYC 103,PSYC 100
PSYC 210,2,PSYC 103,PSYC 100
PSYC 216,2,PSYC 103,PSYC 100
PSYC 220,3,PSYC 103,PSYC 105,PSYC 100
PSYC 224,2,PSYC 103,PSYC 100
PSYC 235,2,PSYC 103,PSYC 100
PSYC 238,2,PSYC 103,PSYC 100
PSYC 239,2,PSYC 103,PSYC 100
PSYC 245,2,PSYC 103,PSYC 100
PSYC 250,2,PSYC 103,PSYC 100
PSYC 296,1,PSYC 100
PSYC 302,1,PSYC 100
PSYC 311,1,PSYC 210
PSYC 318,1,PSYC 216
PSYC 320,2,PSYC 216,PSYC 100
PSYC 322,2,SPED 117,PSYC 100
PSYC 324,3,PSYC 238,PSYC 216,PSYC 100
PSYC 331,3,PSYC 224,PSYC 248,PSYC 235
PSYC 333,3,PSYC 201,SOC 280,PSYC 235
PSYC 336,2,PSYC 238,PSYC 239
PSYC 341,1,PSYC 340
PSYC 350,2,PSYC 250,PSYC 235
PSYC 358,2,PSYC 103,PSYC 100
PSYC 361,3,PSYC 224,PSYC 216,PSYC 100
PSYC 363,2,PSYC 216,PSYC 235
PSYC 365,1,PSYC 100
PSYC 396,1,PSYC 100
PSYC 402,2,PSYC 238,PSYC 210
PSYC 404,2,PSYC 224,PSYC 210
PSYC 414,2,PSYC 210,MCB 150
PSYC 420,1,PSYC 238
PSYC 427,5,PSYC 224,PSYC 248,LING 225,SHS 170,PSYC 210
PSYC 428,1,PSYC 328
PSYC 432,2,IB 204,IB 150
PSYC 443,1,HK 340
PSYC 445,3,PSYC 220,PSYC 210,PSYC 204
PSYC 455,2,PSYC 201,PSYC 245
PSYC 462,1,PSYC 216
PSYC 465,2,PSYC 216,EPSY 236
PSYC 496,1,PSYC 100
PSYC 499,1,PSYC 498
PSYC 507,1,PSYC 506
PSYC 534,1,PSYC 407
PSYC 543,1,NEUR 542
PSYC 544,2,PSYC 569,PSYC 524
PSYC 546,4,PSYC 545,PSYC 539,PSYC 532,PSYC 538
PSYC 548,1,PSYC 506
PSYC 563,1,PSYC 506
PSYC 567,1,PSYC 407
PSYC 581,1,EPSY 580
PSYC 587,4,EPSY 582,PSYC 407,PSYC 406,EPSY 581
PSYC 596,2,EPSY 585,PSYC 490
QUEC 421,1,QUEC 420
REL 112,1,GRK 101
REL 204,1,GRK 201
RHET 102,1,RHET 101
RST 205,1,RST 130
RST 240,2,RST 100,RST 210
RST 301,1,RST 325
RST 340,1,RST 100
RST 410,3,RST 240,RST 325,RST 210
RST 429,3,RST 120,RST 130,RST 150
RST 430,1,RST 130
RST 441,1,RST 120
RST 465,1,RST 460
RST 485,11,RST 101,RST 130,RST 480,RST 150,RST 210,RST 240,RST 255,RST 325,RST 200,RST 100,RST 120
RST 501,1,RST 100
RST 504,1,RST 370
RST 519,3,RST 515,RST 516,RST 512
RST 551,1,RST 550
RUSS 102,1,RUSS 101
RUSS 202,1,RUSS 201
RUSS 290,1,RUSS 202
RUSS 302,1,RUSS 301
RUSS 502,1,RUSS 501
SCAN 102,1,SCAN 101
SCAN 104,1,SCAN 103
SE 310,4,TAM 212,CS 124,CS 101,TAM 251
SE 311,2,SE 312,SE 310
SE 312,2,SE 311,SE 310
SE 320,5,MATH 285,ECE 211,TAM 212,CS 101,CS 124
SE 400,1,RHET 105
SE 411,1,IE 300
SE 413,3,MATH 257,MATH 241,MATH 415
SE 422,1,SE 320
SE 423,1,SE 320
SE 424,3,MATH 257,MATH 415,SE 320
SE 494,2,TAM 335,SE 311
SE 495,5,SE 261,IE 310,SE 290,IE 300,SE 494
SE 520,3,ECE 515,MATH 444,MATH 447
SE 522,1,ECE 486
SE 525,1,SE 424
SHS 221,1,SHS 121
SHS 321,1,SHS 221
SHS 427,5,PSYC 224,PSYC 248,LING 225,SHS 170,PSYC 210
SHS 481,1,SHS 480
SHS 482,2,SHS 481,SHS 480
SHS 554,1,SHS 551
SHS 557,3,SHS 450,SHS 240,SHS 451
SHS 576,1,SHS 475
SHS 577,1,SHS 477
SHS 578,1,SHS 577
SHS 595,1,SHS 557
SLAV 419,1,RUSS 219
SLAV 502,1,TRST 501
SOC 225,3,SOC 101,SOC 100,SOC 163
SOC 275,3,SOC 101,SOC 100,SOC 163
SOC 310,3,SOC 101,SOC 100,SOC 163
SOC 373,3,SOC 101,SOC 100,SOC 163
SOC 375,1,SOC 275
SOC 380,4,SOC 101,SOC 280,SOC 100,SOC 163
SOC 396,3,SOC 101,SOC 100,SOC 163
SOC 400,4,SOC 200,SOC 101,SOC 100,SOC 163
SOC 450,4,SOC 380,SOC 101,SOC 100,SOC 163
SOC 479,3,SOC 101,SOC 100,SOC 163
SOC 501,1,SOC 500
SOC 586,1,SOC 485
SOCW 322,1,SOCW 200
SOCW 401,1,SOCW 200
SOCW 402,1,SOCW 401
SOCW 403,1,SOCW 401
SOCW 404,1,SOCW 401
SOCW 417,1,SOCW 315
SOCW 456,1,SOCW 321
SOCW 461,1,SOCW 401
SOCW 470,1,SOCW 461
SOCW 500,1,SOCW 400
SOCW 503,1,SOCW 400
SOCW 505,1,SOCW 400
SOCW 507,1,SOCW 400
SOCW 508,1,SOCW 400
SOCW 509,2,SOCW 400,SOCW 552
SOCW 514,1,SOCW 410
SOCW 516,1,SOCW 410
SOCW 519,1,SOCW 410
SOCW 526,1,SOCW 400
SOCW 532,1,SOCW 531
SOCW 533,1,SOCW 532
SOCW 541,1,SOCW 427
SOCW 542,1,SOCW 427
SOCW 552,1,SOCW 451
SOCW 580,1,SOCW 516
SOCW 584,1,SOCW 410
SOCW 594,1,SOCW 593
SPAN 102,1,SPAN 101
SPAN 130,2,SPAN 122,SPAN 102
SPAN 141,1,SPAN 130
SPAN 142,1,SPAN 130
SPAN 200,2,SPAN 142,SPAN 141
SPAN 204,2,SPAN 142,SPAN 141
SPAN 208,2,SPAN 142,SPAN 141
SPAN 228,2,SPAN 142,SPAN 141
SPAN 232,2,SPAN 142,SPAN 141
SPAN 250,1,SPAN 228
SPAN 252,1,SPAN 228
SPAN 254,1,SPAN 228
SPAN 303,1,SPAN 228
SPAN 305,1,SPAN 252
SPAN 307,1,SPAN 252
SPAN 308,1,SPAN 228
SPAN 309,1,SPAN 252
SPAN 312,1,SPAN 228
SPAN 320,1,SPAN 228
SPAN 326,1,SPAN 228
SPAN 332,1,SPAN 228
SPAN 399,1,SPAN 228
SPAN 460,1,EIL 489
SPAN 463,2,SPAN 312,SPAN 320
SPAN 466,2,SPAN 324,SPAN 314
SPAN 490,9,SPAN 326,SPAN 318,SPAN 252,SPAN 312,SPAN 316,SPAN 310,SPAN 314,SPAN 324,SPAN 320
SPAN 588,1,SPAN 580
SPED 322,2,SPED 117,PSYC 100
SPED 426,1,EDPR 420
SPED 452,1,CI 431
SPED 471,1,SPED 470
SPED 507,3,SPED 505,SPED 501,SPED 503
SPED 526,1,SPED 426
SPED 566,2,SPED 465,SPED 524
SPED 575,4,EPSY 574,EPSY 577,EPSY 580,EPSY 578
SPED 593,1,SPED 592
STAT 100,1,MATH 112
STAT 207,1,STAT 107
STAT 361,7,MATH 225,MATH 221,MATH 220,MATH 416,MATH 257,ASRM 406,MATH 415
STAT 385,3,STAT 107,STAT 200,STAT 212
STAT 400,1,MATH 231
STAT 408,1,MATH 241
STAT 410,2,MATH 241,STAT 400
STAT 420,3,STAT 408,MATH 231,STAT 400
STAT 425,3,MATH 257,STAT 400,MATH 415
STAT 426,2,STAT 410,STAT 425
STAT 427,1,STAT 425
STAT 428,1,STAT 410
STAT 429,1,STAT 410
STAT 430,2,STAT 410,STAT 425
STAT 431,1,STAT 410
STAT 432,3,STAT 425,STAT 400,STAT 420
STAT 433,3,STAT 410,MATH 225,STAT 400
STAT 434,2,STAT 410,STAT 420
STAT 437,3,MATH 257,STAT 410,MATH 415
STAT 440,2,STAT 409,STAT 400
STAT 443,2,STAT 425,STAT 420
STAT 448,3,STAT 409,STAT 410,STAT 400
STAT 510,1,STAT 410
STAT 525,3,STAT 510,STAT 426,STAT 425
STAT 528,3,STAT 511,STAT 527,STAT 510
STAT 530,3,STAT 410,MATH 461,STAT 420
STAT 541,1,ASRM 455
STAT 542,2,STAT 410,STAT 425
STAT 543,1,CPSC 440
STAT 551,1,MATH 540
STAT 575,2,MATH 561,STAT 511
STAT 587,4,EPSY 582,PSYC 407,PSYC 406,EPSY 581
STAT 593,1,STAT 425
SWAH 202,1,SWAH 201
SWAH 404,1,SWAH 403
SWAH 406,1,SWAH 405
TAM 210,3,MATH 257,PHYS 211,MATH 241
TAM 211,3,MATH 257,PHYS 211,MATH 241
TAM 212,2,TAM 211,TAM 210
TAM 251,2,TAM 211,TAM 210
TAM 252,1,TAM 251
TAM 270,1,ME 170
TAM 324,2,CHEM 104,TAM 251
TAM 335,2,TAM 212,PHYS 325
TAM 412,6,MATH 285,MATH 225,MATH 441,TAM 212,MATH 257,MATH 415
TAM 445,1,TAM 251
TAM 456,1,TAM 251
TAM 532,2,MATH 285,TAM 435
TAM 534,4,MSE 480,MSE 450,TAM 435,TAM 451
TAM 536,1,TAM 532
TAM 542,1,TAM 541
TAM 552,1,TAM 551
TAM 561,3,CHBE 521,TAM 541,PHYS 508
TE 390,1,TE 250
TE 567,1,TE 566
THEA 175,1,THEA 170
THEA 208,2,THEA 101,THEA 122
THEA 212,1,THEA 122
THEA 222,1,THEA 125
THEA 223,1,THEA 126
THEA 275,1,THEA 270
THEA 304,1,THEA 208
THEA 375,7,THEA 373,THEA 377,THEA 376,THEA 374,THEA 378,THEA 371,THEA 372
THEA 376,7,THEA 375,THEA 373,THEA 377,THEA 374,THEA 378,THEA 371,THEA 372
THEA 377,7,THEA 375,THEA 373,THEA 376,THEA 374,THEA 378,THEA 371,THEA 372
THEA 378,7,THEA 375,THEA 373,THEA 377,THEA 376,THEA 374,THEA 371,THEA 372
THEA 405,1,THEA 231
THEA 408,1,THEA 451
THEA 411,1,THEA 211
THEA 419,1,THEA 126
THEA 420,1,THEA 126
THEA 422,1,THEA 126
THEA 425,1,THEA 225
THEA 428,1,THEA 427
THEA 431,2,THEA 231,THEA 423
THEA 438,1,THEA 125
THEA 441,1,THEA 242
THEA 454,1,THEA 153
THEA 455,1,THEA 454
THEA 469,2,THEA 427,THEA 428
THEA 475,7,THEA 478,THEA 476,THEA 472,THEA 477,THEA 473,THEA 474,THEA 471
THEA 476,7,THEA 478,THEA 472,THEA 477,THEA 475,THEA 473,THEA 474,THEA 471
THEA 477,7,THEA 478,THEA 472,THEA 476,THEA 475,THEA 473,THEA 474,THEA 471
THEA 478,7,THEA 472,THEA 476,THEA 477,THEA 475,THEA 473,THEA 474,THEA 471
THEA 479,4,THEA 375,THEA 378,THEA 377,THEA 376
THEA 491,1,THEA 437
THEA 498,1,THEA 497
THEA 522,1,THEA 422
THEA 530,1,THEA 430
TMGT 461,3,BADM 367,BADM 460,BADM 366
TRST 500,1,TRST 410
TRST 502,1,TRST 501
TRST 540,2,TRST 410,TRST 407
TURK 202,1,TURK 201
TURK 404,1,TURK 403
TURK 406,1,TURK 405
UKR 202,1,UKR 201
UP 316,1,UP 116
UP 317,5,STAT 100,STAT 200,ACE 261,STAT 107,UP 116
UP 347,1,UP 312
UP 431,3,CEE 417,UP 430,UP 460
UP 478,1,UP 347
UP 519,1,UP 418
UP 576,8,ATMS 421,NRES 439,NRES 454,CEE 491,UP 418,UP 480,UP 456,GEOG 480
VCM 513,2,VCM 509,VCM 507
VCM 514,3,VCM 509,VCM 507,VCM 513
VCM 515,2,VCM 509,VCM 507
VCM 641,1,VM 606
VCM 645,1,VM 606
VCM 688,1,VCM 672
VCM 690,1,VM 601
VM 603,1,VCM 602
VM 604,1,VM 603
VM 606,2,VM 601,VM 604
VM 608,1,VM 607
VM 612,1,VM 611
VM 616,1,VM 611
VM 617,1,VM 616
VM 655,2,VM 654,VM 653
VM 656,2,VM 654,VM 653
WLOF 202,1,WLOF 201
WLOF 403,1,WLOF 202
